version,model,r2,mse,mae,best_params,validation_mae
classic,RandomForestRegressor,0.7032974530706699,42781.917265430246,139.96744022407432,"{'n_estimators': 463, 'max_depth': 12, 'min_samples_split': 8, 'min_samples_leaf': 1, 'max_features': 'sqrt'}",154.44509845731994
classic,GradientBoostingRegressor,0.7565228253798921,35107.283198007724,109.3556098251976,"{'n_estimators': 361, 'learning_rate': 0.24353819679775196, 'max_depth': 9, 'min_samples_split': 2, 'min_samples_leaf': 4, 'subsample': 0.7547701255847439, 'max_features': None, 'alpha': 0.44977231613144353}",124.81060949548063
classic,SVR,0.3833891774151025,88909.89804371052,194.87631916621788,"{'C': 7.858132283674291, 'kernel': 'poly'}",208.3714684830029
classic,LinearRegression,0.5004850637042856,72025.6934044451,186.60913977173678,{},205.19877116331594
classic,Ridge,0.5015401257422211,71873.56266851447,186.47713787665097,{'alpha': 8.968633255898128},205.84945386002147
classic,Lasso,0.5057343122681928,71268.79758372859,185.87733583629705,"{'alpha': 1.7357219467988174, 'max_iter': 10000}",202.84857126847118
classic,ElasticNet,0.44703323053115274,79732.98115160159,197.37087327904652,"{'alpha': 4.3499939766800395, 'l1_ratio': 0.34019196798404405, 'max_iter': 5000}",280.75704054519895
classic,KNeighborsRegressor,0.6195636359386689,54855.60275931708,161.4678821680313,"{'n_neighbors': 94, 'weights': 'distance', 'p': 1, 'leaf_size': 27}",199.81226560247913
classic,DecisionTreeRegressor,0.5823444187577461,60222.288979565754,148.71031653160304,"{'max_depth': 8, 'min_samples_split': 2}",160.3060314383293
stations_basic,RandomForestRegressor,0.7079918584639667,42105.02498653029,137.65527065598124,"{'n_estimators': 207, 'max_depth': 11, 'min_samples_split': 5, 'min_samples_leaf': 4, 'max_features': 'sqrt'}",152.80792668325935
stations_basic,GradientBoostingRegressor,0.7841907468579633,31117.810442105845,106.76610718706914,"{'n_estimators': 365, 'learning_rate': 0.05782956013112766, 'max_depth': 7, 'min_samples_split': 6, 'min_samples_leaf': 4, 'subsample': 0.80177274461276, 'max_features': 'sqrt', 'alpha': 0.81485344132335}",120.32621763569662
stations_basic,SVR,0.5784093552735774,60789.69078368313,162.71263655746597,"{'C': 4.057335893809974, 'kernel': 'linear'}",197.38648985547223
stations_basic,LinearRegression,0.5795934109492213,60618.96029121747,169.12158818133705,{},183.4220310294461
stations_basic,Ridge,0.5797542913158032,60595.76274672729,169.10042101077698,{'alpha': 1.4067083817313673},183.06844163965184
stations_basic,Lasso,0.580124709279072,60542.35170990876,169.3725685643837,"{'alpha': 4.938377682846266, 'max_iter': 10000}",189.90349411163348
stations_basic,ElasticNet,0.5570054019734794,63875.95400829924,174.28205767756114,"{'alpha': 2.584028661805946, 'l1_ratio': 0.34332501696176687, 'max_iter': 10000}",271.37615309624914
stations_basic,KNeighborsRegressor,0.6723896763773205,47238.548861748226,135.66294938051098,"{'n_neighbors': 17, 'weights': 'distance', 'p': 2, 'leaf_size': 49}",194.1974538434248
stations_basic,DecisionTreeRegressor,0.5264214801296095,68285.88856234428,171.80472937880535,"{'max_depth': 5, 'min_samples_split': 7}",187.7889053086131
